CRASH_ID,UNIT_NBR,PRSN_NBR,PRSN_TYPE_ID,PRSN_OCCPNT_POS_ID,PRSN_INJRY_SEV_ID,PRSN_AGE,PRSN_ETHNICITY_ID,PRSN_GNDR_ID,PRSN_EJCT_ID,PRSN_REST_ID,PRSN_AIRBAG_ID,PRSN_HELMET_ID,PRSN_SOL_FL,PRSN_ALC_SPEC_TYPE_ID,PRSN_ALC_RSLT_ID,PRSN_BAC_TEST_RSLT,PRSN_DRG_SPEC_TYPE_ID,PRSN_DRG_RSLT_ID,DRVR_DRG_CAT_1_ID,PRSN_DEATH_TIME,INCAP_INJRY_CNT,NONINCAP_INJRY_CNT,POSS_INJRY_CNT,NON_INJRY_CNT,UNKN_INJRY_CNT,TOT_INJRY_CNT,DEATH_CNT,DRVR_LIC_TYPE_ID,DRVR_LIC_STATE_ID,DRVR_LIC_CLS_ID,DRVR_ZIP
14906387,2,1,PEDESTRIAN,"PEDESTRIAN, PEDALCYCLIST, OR MOTORIZED CONVEYANCE",KILLED,21,HISPANIC,MALE,NOT APPLICABLE,NOT APPLICABLE,NOT APPLICABLE,NOT APPLICABLE,N,NONE,NA,NA,NONE,NOT APPLICABLE,NOT APPLICABLE,10:26:00,0,0,0,0,0,0,1,NA,NA,NA,
14952162,2,1,DRIVER,FRONT LEFT,KILLED,55,HISPANIC,MALE,NO,UNKNOWN,NOT APPLICABLE,NOT APPLICABLE,N,NONE,NA,NA,NONE,NOT APPLICABLE,NOT APPLICABLE,11:18:00,0,0,0,0,0,0,1,DRIVER LICENSE,Texas,CLASS C,
14860490,2,1,PEDESTRIAN,"PEDESTRIAN, PEDALCYCLIST, OR MOTORIZED CONVEYANCE",KILLED,21,WHITE,MALE,NOT APPLICABLE,NOT APPLICABLE,NOT APPLICABLE,NOT APPLICABLE,N,BLOOD,Negative,0.01,BLOOD,Negative,NOT APPLICABLE,00:39:00,0,0,0,0,0,0,1,NA,NA,NA,
14848300,2,1,DRIVER,FRONT LEFT,KILLED,38,WHITE,MALE,NO,SHOULDER & LAP BELT,NOT DEPLOYED,NOT APPLICABLE,N,BLOOD,Negative,0,BLOOD,Positive,CNS STIMULANTS,04:43:00,0,0,0,0,0,0,1,DRIVER LICENSE,Texas,CLASS C,76574
14851818,2,1,DRIVER,FRONT LEFT,KILLED,29,HISPANIC,MALE,NO,SHOULDER & LAP BELT,"DEPLOYED, FRONT",NOT APPLICABLE,N,NONE,NA,NA,NONE,NOT APPLICABLE,NOT APPLICABLE,04:06:00,0,0,0,0,0,0,1,DRIVER LICENSE,Texas,CLASS C,78202
14948151,2,1,DRIVER OF MOTORCYCLE TYPE VEHICLE,FRONT LEFT,KILLED,59,HISPANIC,MALE,NOT APPLICABLE,NOT APPLICABLE,NOT APPLICABLE,NOT WORN,N,NONE,NA,NA,NONE,NOT APPLICABLE,NOT APPLICABLE,11:58:00,0,0,0,0,0,0,1,DRIVER LICENSE,Texas,CLASS C AND M,78521
14925518,1,1,DRIVER,FRONT LEFT,KILLED,30,HISPANIC,MALE,NO,UNKNOWN,NOT DEPLOYED,NOT APPLICABLE,N,NONE,NA,NA,NONE,NOT APPLICABLE,NOT APPLICABLE,18:20:00,0,0,0,0,0,0,1,ID CARD,Texas,UNLICENSED,78242
14857005,2,1,PEDESTRIAN,"PEDESTRIAN, PEDALCYCLIST, OR MOTORIZED CONVEYANCE",KILLED,62,HISPANIC,MALE,NOT APPLICABLE,NOT APPLICABLE,NOT APPLICABLE,NOT APPLICABLE,N,NONE,NA,NA,NONE,NOT APPLICABLE,NOT APPLICABLE,14:15:00,0,0,0,0,0,0,1,COMMERCIAL DRIVER LIC.,Texas,CLASS B,77082
14909057,1,1,DRIVER,FRONT LEFT,KILLED,37,BLACK,MALE,YES,NONE,NOT DEPLOYED,NOT APPLICABLE,N,BLOOD,Positive,0.114,BLOOD,NOT APPLICABLE,NOT APPLICABLE,01:00:00,0,0,0,0,0,0,1,UNLICENSED,NA,UNLICENSED,75683
14938410,2,1,PEDESTRIAN,"PEDESTRIAN, PEDALCYCLIST, OR MOTORIZED CONVEYANCE",KILLED,44,WHITE,MALE,NOT APPLICABLE,NOT APPLICABLE,NOT APPLICABLE,NOT APPLICABLE,N,NONE,NA,NA,NONE,NOT APPLICABLE,NOT APPLICABLE,17:14:00,0,0,0,0,0,0,1,DRIVER LICENSE,Texas,CLASS C,
14928407,2,1,DRIVER,FRONT LEFT,KILLED,20,BLACK,MALE,NOT APPLICABLE,NOT APPLICABLE,NOT APPLICABLE,NOT APPLICABLE,N,NONE,NA,NA,NONE,NOT APPLICABLE,NOT APPLICABLE,14:25:00,0,0,0,0,0,0,1,DRIVER LICENSE,Texas,CLASS C,75972
14973820,2,1,DRIVER,FRONT LEFT,KILLED,38,HISPANIC,MALE,NO,SHOULDER & LAP BELT,"DEPLOYED, FRONT",NOT APPLICABLE,N,OTHER (EXPLAIN IN NARRATIVE),NA,NA,OTHER (EXPLAIN IN NARRATIVE),NOT APPLICABLE,NOT APPLICABLE,12:30:00,0,0,0,0,0,0,1,DRIVER LICENSE,Texas,CLASS C,75231
14882267,3,1,PEDESTRIAN,"PEDESTRIAN, PEDALCYCLIST, OR MOTORIZED CONVEYANCE",KILLED,25,WHITE,MALE,NOT APPLICABLE,NOT APPLICABLE,NOT APPLICABLE,NOT APPLICABLE,N,NONE,NA,NA,NONE,NOT APPLICABLE,NOT APPLICABLE,22:38:00,0,0,0,0,0,0,1,NA,NA,NA,77707
14889651,2,1,PEDALCYCLIST,"PEDESTRIAN, PEDALCYCLIST, OR MOTORIZED CONVEYANCE",KILLED,69,WHITE,MALE,NOT APPLICABLE,NOT APPLICABLE,NOT APPLICABLE,NOT WORN,N,NONE,NA,NA,NONE,NOT APPLICABLE,NOT APPLICABLE,08:33:00,0,0,0,0,0,0,1,COMMERCIAL DRIVER LIC.,Texas,CLASS A,77327
14872926,2,1,DRIVER,FRONT LEFT,KILLED,79,WHITE,MALE,NO,SHOULDER & LAP BELT,DEPLOYED MULTIPLE,NOT APPLICABLE,N,NONE,NA,NA,NONE,NOT APPLICABLE,NOT APPLICABLE,18:34:00,0,0,0,0,0,0,1,DRIVER LICENSE,Texas,CLASS C,78610
14963587,2,1,PEDESTRIAN,"PEDESTRIAN, PEDALCYCLIST, OR MOTORIZED CONVEYANCE",KILLED,64,WHITE,MALE,NOT APPLICABLE,NOT APPLICABLE,NOT APPLICABLE,NOT APPLICABLE,Y,NONE,NA,NA,NONE,NOT APPLICABLE,NOT APPLICABLE,15:10:00,0,0,0,0,0,0,1,DRIVER LICENSE,Texas,CLASS C,78255
14967376,3,1,PEDALCYCLIST,"PEDESTRIAN, PEDALCYCLIST, OR MOTORIZED CONVEYANCE",KILLED,21,HISPANIC,MALE,NOT APPLICABLE,NOT APPLICABLE,NOT APPLICABLE,NOT WORN,N,NONE,NA,NA,NONE,NOT APPLICABLE,NOT APPLICABLE,21:05:00,0,0,0,0,0,0,1,ID CARD,Mexico,UNLICENSED,77807
14859488,1,1,DRIVER,FRONT LEFT,KILLED,80,WHITE,MALE,NO,SHOULDER & LAP BELT,"DEPLOYED, FRONT",NOT APPLICABLE,N,NONE,NA,NA,NONE,NOT APPLICABLE,NOT APPLICABLE,12:23:00,0,0,0,0,0,0,1,DRIVER LICENSE,Texas,CLASS C,76502
14932526,2,1,DRIVER,FRONT LEFT,KILLED,29,WHITE,MALE,NO,NONE,NOT DEPLOYED,NOT APPLICABLE,N,BLOOD,Negative,0,BLOOD,Negative,NOT APPLICABLE,05:56:00,0,0,0,0,0,0,1,DRIVER LICENSE,Texas,CLASS C,78121
15240791,2,1,DRIVER,FRONT LEFT,KILLED,48,WHITE,MALE,NO,SHOULDER & LAP BELT,DEPLOYED MULTIPLE,NOT APPLICABLE,N,BLOOD,Negative,0,BLOOD,Negative,NOT APPLICABLE,00:15:00,0,0,0,0,0,0,1,DRIVER LICENSE,Texas,CLASS C,75693
14932694,2,1,DRIVER OF MOTORCYCLE TYPE VEHICLE,FRONT LEFT,KILLED,34,WHITE,MALE,NOT APPLICABLE,NOT APPLICABLE,NOT APPLICABLE,"WORN, DAMAGED",N,NONE,NA,NA,NONE,NOT APPLICABLE,NOT APPLICABLE,13:23:00,0,0,0,0,0,0,1,DRIVER LICENSE,Texas,CLASS C,78757
14888452,1,1,DRIVER,FRONT LEFT,KILLED,64,WHITE,MALE,NO,SHOULDER & LAP BELT,"DEPLOYED, FRONT",NOT APPLICABLE,N,NONE,NA,NA,NONE,NOT APPLICABLE,NOT APPLICABLE,06:17:00,0,0,0,0,0,0,1,COMMERCIAL DRIVER LIC.,Texas,CLASS A,77625
14854567,3,1,DRIVER,FRONT LEFT,KILLED,77,BLACK,MALE,NO,SHOULDER & LAP BELT,NOT DEPLOYED,NOT APPLICABLE,N,NONE,NA,NA,NONE,NOT APPLICABLE,NOT APPLICABLE,07:32:00,0,0,0,0,0,0,1,DRIVER LICENSE,Texas,CLASS C,77412
14920835,2,1,DRIVER,FRONT LEFT,KILLED,30,WHITE,MALE,YES,NONE,"DEPLOYED, FRONT",NOT APPLICABLE,N,BLOOD,Negative,0,BLOOD,Negative,NOT APPLICABLE,05:24:00,0,0,0,0,0,0,1,DRIVER LICENSE,Texas,CLASS C AND M,77019
14952803,2,1,DRIVER,FRONT LEFT,KILLED,31,WHITE,MALE,NO,SHOULDER & LAP BELT,"DEPLOYED, FRONT",NOT APPLICABLE,N,NONE,NA,NA,NONE,NOT APPLICABLE,NOT APPLICABLE,02:25:00,0,0,0,0,0,0,1,NA,NA,NA,L9V2G1
14963416,2,1,DRIVER,FRONT LEFT,KILLED,48,HISPANIC,MALE,NO,SHOULDER & LAP BELT,"DEPLOYED, FRONT",NOT APPLICABLE,N,NONE,NA,NA,NONE,NOT APPLICABLE,NOT APPLICABLE,06:04:00,0,0,0,0,0,0,1,DRIVER LICENSE,Texas,CLASS C,79104
14925505,3,1,DRIVER OF MOTORCYCLE TYPE VEHICLE,FRONT LEFT,KILLED,67,WHITE,MALE,NOT APPLICABLE,NOT APPLICABLE,NOT APPLICABLE,NOT WORN,N,NONE,NA,NA,NONE,NOT APPLICABLE,NOT APPLICABLE,17:25:00,0,0,0,0,0,0,1,DRIVER LICENSE,Texas,CLASS C,78218
14972264,2,1,DRIVER,FRONT LEFT,KILLED,51,WHITE,MALE,NO,SHOULDER & LAP BELT,"DEPLOYED, FRONT",NOT APPLICABLE,N,NONE,NA,NA,NONE,NOT APPLICABLE,NOT APPLICABLE,09:20:00,0,0,0,0,0,0,1,DRIVER LICENSE,Texas,CLASS C,77627
14979903,2,1,DRIVER OF MOTORCYCLE TYPE VEHICLE,FRONT LEFT,KILLED,61,WHITE,MALE,NOT APPLICABLE,NOT APPLICABLE,NOT APPLICABLE,NOT WORN,N,BLOOD,Negative,0,BLOOD,Negative,NOT APPLICABLE,10:01:00,0,0,0,0,0,0,1,COMMERCIAL DRIVER LIC.,Texas,CLASS A,75683
14851954,2,1,DRIVER,FRONT LEFT,KILLED,26,WHITE,MALE,NO,SHOULDER & LAP BELT,DEPLOYED MULTIPLE,NOT APPLICABLE,N,BLOOD,Negative,0,BLOOD,Negative,NOT APPLICABLE,22:39:00,0,0,0,0,0,0,1,DRIVER LICENSE,Texas,CLASS C,79849
14857716,2,1,DRIVER,FRONT LEFT,KILLED,30,WHITE,MALE,NO,SHOULDER & LAP BELT,"DEPLOYED, FRONT",NOT APPLICABLE,N,BLOOD,Negative,0.061,BLOOD,Negative,NOT APPLICABLE,18:28:00,0,0,0,0,0,0,1,DRIVER LICENSE,Texas,CLASS C,77471
14852533,2,1,PEDESTRIAN,"PEDESTRIAN, PEDALCYCLIST, OR MOTORIZED CONVEYANCE",KILLED,37,BLACK,MALE,NOT APPLICABLE,NOT APPLICABLE,NOT APPLICABLE,NOT APPLICABLE,N,OTHER (EXPLAIN IN NARRATIVE),NA,NA,OTHER (EXPLAIN IN NARRATIVE),UNKNOWN,UNKNOWN,10:41:00,0,0,0,0,0,0,1,DRIVER LICENSE,Mississippi,OTHER/OUT OF STATE,38930
14937631,2,1,DRIVER OF MOTORCYCLE TYPE VEHICLE,FRONT LEFT,KILLED,51,WHITE,MALE,NOT APPLICABLE,NOT APPLICABLE,NOT APPLICABLE,"WORN, DAMAGED",N,NONE,NA,NA,BLOOD,Positive,NARCOTIC ANALGESICS,13:12:00,0,0,0,0,0,0,1,DRIVER LICENSE,Texas,CLASS C AND M,77657
14894536,2,1,DRIVER OF MOTORCYCLE TYPE VEHICLE,FRONT LEFT,KILLED,53,WHITE,MALE,NOT APPLICABLE,NOT APPLICABLE,NOT APPLICABLE,"WORN, DAMAGED",N,NONE,NA,NA,NONE,NOT APPLICABLE,NOT APPLICABLE,13:55:00,0,0,0,0,0,0,1,DRIVER LICENSE,Texas,CLASS C AND M,76036
14930671,2,1,DRIVER,FRONT LEFT,KILLED,52,WHITE,MALE,NO,SHOULDER & LAP BELT,"DEPLOYED, FRONT",NOT APPLICABLE,N,BLOOD,Negative,0,BLOOD,Negative,NOT APPLICABLE,13:26:00,0,0,0,0,0,0,1,DRIVER LICENSE,Texas,CLASS C,75071
14897778,1,1,DRIVER,FRONT LEFT,KILLED,25,WHITE,MALE,NO,NONE,"DEPLOYED, FRONT",NOT APPLICABLE,N,OTHER (EXPLAIN IN NARRATIVE),NA,NA,OTHER (EXPLAIN IN NARRATIVE),NOT APPLICABLE,NOT APPLICABLE,02:22:00,0,0,0,0,0,0,1,DRIVER LICENSE,Texas,CLASS C,79109
14903117,2,1,PEDESTRIAN,"PEDESTRIAN, PEDALCYCLIST, OR MOTORIZED CONVEYANCE",KILLED,36,HISPANIC,MALE,NOT APPLICABLE,NOT APPLICABLE,NOT APPLICABLE,NOT APPLICABLE,N,NONE,NA,NA,NONE,NOT APPLICABLE,NOT APPLICABLE,11:00:00,0,0,0,0,0,0,1,DRIVER LICENSE,Texas,CLASS C,78586
14935975,4,1,PEDESTRIAN,"PEDESTRIAN, PEDALCYCLIST, OR MOTORIZED CONVEYANCE",KILLED,31,HISPANIC,MALE,NOT APPLICABLE,NOT APPLICABLE,NOT APPLICABLE,NOT APPLICABLE,N,BLOOD,Negative,0,BLOOD,Negative,NOT APPLICABLE,21:51:00,0,0,0,0,0,0,1,NA,NA,NA,
15022491,2,1,PEDESTRIAN,"PEDESTRIAN, PEDALCYCLIST, OR MOTORIZED CONVEYANCE",KILLED,35,BLACK,MALE,NOT APPLICABLE,NOT APPLICABLE,NOT APPLICABLE,NOT APPLICABLE,N,NONE,NA,NA,BLOOD,Positive,CANNABIS,14:01:00,0,0,0,0,0,0,1,DRIVER LICENSE,Texas,CLASS C,78418
14920297,1,1,DRIVER,FRONT LEFT,KILLED,21,WHITE,MALE,YES,NONE,NOT DEPLOYED,NOT APPLICABLE,N,OTHER (EXPLAIN IN NARRATIVE),Positive,0.196,OTHER (EXPLAIN IN NARRATIVE),Negative,NOT APPLICABLE,06:55:00,0,0,0,0,0,0,1,DRIVER LICENSE,Texas,CLASS C,77316
14966253,2,1,PEDESTRIAN,"PEDESTRIAN, PEDALCYCLIST, OR MOTORIZED CONVEYANCE",KILLED,60,HISPANIC,MALE,NOT APPLICABLE,NOT APPLICABLE,NOT APPLICABLE,NOT APPLICABLE,N,BLOOD,Positive,0.222,BLOOD,Negative,NOT APPLICABLE,03:53:00,0,0,0,0,0,0,1,NA,NA,NA,
14883240,2,1,DRIVER OF MOTORCYCLE TYPE VEHICLE,FRONT LEFT,KILLED,18,WHITE,MALE,NOT APPLICABLE,NOT APPLICABLE,NOT APPLICABLE,"WORN, DAMAGED",N,NONE,NA,NA,NONE,NOT APPLICABLE,NOT APPLICABLE,05:21:00,0,0,0,0,0,0,1,DRIVER LICENSE,Texas,CLASS C,77357
14855362,2,1,PEDESTRIAN,"PEDESTRIAN, PEDALCYCLIST, OR MOTORIZED CONVEYANCE",KILLED,56,HISPANIC,MALE,NOT APPLICABLE,NOT APPLICABLE,NOT APPLICABLE,NOT APPLICABLE,N,BLOOD,Positive,0.246,BLOOD,Negative,NOT APPLICABLE,19:27:00,0,0,0,0,0,0,1,ID CARD,Texas,UNLICENSED,78207
14961327,2,1,DRIVER OF MOTORCYCLE TYPE VEHICLE,FRONT LEFT,KILLED,27,HISPANIC,MALE,NOT APPLICABLE,NOT APPLICABLE,NOT APPLICABLE,"WORN, DAMAGED",N,NONE,NA,NA,NONE,NOT APPLICABLE,NOT APPLICABLE,10:47:00,0,0,0,0,0,0,1,DRIVER LICENSE,Texas,CLASS C,77511
14960717,4,1,DRIVER,FRONT LEFT,KILLED,74,WHITE,MALE,NO,SHOULDER & LAP BELT,NOT APPLICABLE,NOT APPLICABLE,N,NONE,NA,NA,NONE,NOT APPLICABLE,NOT APPLICABLE,14:17:00,0,0,0,0,0,0,1,DRIVER LICENSE,Texas,CLASS C,77474
14948114,2,1,DRIVER,FRONT LEFT,KILLED,57,WHITE,MALE,NO,SHOULDER & LAP BELT,"DEPLOYED, FRONT",NOT APPLICABLE,N,NONE,NA,NA,NONE,NOT APPLICABLE,NOT APPLICABLE,06:55:00,0,0,0,0,0,0,1,DRIVER LICENSE,Texas,CLASS C,78147
14970438,2,1,DRIVER OF MOTORCYCLE TYPE VEHICLE,FRONT LEFT,KILLED,32,WHITE,MALE,NOT APPLICABLE,NOT APPLICABLE,NOT APPLICABLE,UNKNOWN IF WORN,N,BLOOD,Negative,0,BLOOD,Negative,NOT APPLICABLE,21:29:00,0,0,0,0,0,0,1,DRIVER LICENSE,Texas,CLASS C AND M,78253
15000073,2,1,DRIVER OF MOTORCYCLE TYPE VEHICLE,FRONT LEFT,KILLED,45,WHITE,MALE,NOT APPLICABLE,NOT APPLICABLE,NOT APPLICABLE,NOT WORN,N,BLOOD,Positive,0.12,BLOOD,Negative,NOT APPLICABLE,03:45:00,0,0,0,0,0,0,1,DRIVER LICENSE,Texas,CLASS C AND M,76522
15028089,1,1,DRIVER,FRONT LEFT,KILLED,40,HISPANIC,MALE,NO,SHOULDER & LAP BELT,DEPLOYED MULTIPLE,NOT APPLICABLE,N,BLOOD,Negative,0,BLOOD,Negative,NOT APPLICABLE,23:00:00,0,0,0,0,0,0,1,DRIVER LICENSE,Texas,CLASS C,78237
15126144,2,1,DRIVER,FRONT LEFT,KILLED,20,HISPANIC,MALE,NO,SHOULDER & LAP BELT,"DEPLOYED, FRONT",NOT APPLICABLE,N,NONE,NA,NA,NONE,NOT APPLICABLE,NOT APPLICABLE,06:44:00,0,0,0,0,0,0,1,UNLICENSED,NA,UNLICENSED,74146
15095239,2,1,DRIVER,FRONT LEFT,KILLED,23,WHITE,MALE,NO,SHOULDER & LAP BELT,DEPLOYED MULTIPLE,NOT APPLICABLE,N,NONE,NA,NA,NONE,NOT APPLICABLE,NOT APPLICABLE,16:30:00,0,0,0,0,0,0,1,DRIVER LICENSE,Texas,CLASS C,77861
15124289,2,1,DRIVER,FRONT LEFT,KILLED,64,WHITE,MALE,NO,SHOULDER & LAP BELT,"DEPLOYED, FRONT",NOT APPLICABLE,N,BLOOD,Negative,0,BLOOD,Negative,NOT APPLICABLE,18:46:00,0,0,0,0,0,0,1,DRIVER LICENSE,Texas,CLASS C,77578
15070158,3,1,DRIVER,FRONT LEFT,KILLED,57,WHITE,MALE,NO,SHOULDER & LAP BELT,NOT DEPLOYED,NOT APPLICABLE,N,NONE,NA,NA,NONE,NOT APPLICABLE,NOT APPLICABLE,11:06:00,0,0,0,0,0,0,1,DRIVER LICENSE,Texas,CLASS C,77627
15131742,2,1,DRIVER,FRONT LEFT,KILLED,61,BLACK,MALE,NO,SHOULDER & LAP BELT,"DEPLOYED, FRONT",NOT APPLICABLE,N,BLOOD,Positive,0.11,NONE,NOT APPLICABLE,NOT APPLICABLE,22:04:00,0,0,0,0,0,0,1,DRIVER LICENSE,Texas,CLASS C,
15072267,1,1,DRIVER,FRONT LEFT,KILLED,59,WHITE,MALE,NO,UNKNOWN,"DEPLOYED, FRONT",NOT APPLICABLE,N,NONE,NA,NA,NONE,NOT APPLICABLE,NOT APPLICABLE,19:24:00,0,0,0,0,0,0,1,COMMERCIAL DRIVER LIC.,Tennessee,OTHER/OUT OF STATE,38326
15040954,2,1,DRIVER OF MOTORCYCLE TYPE VEHICLE,FRONT LEFT,KILLED,37,HISPANIC,MALE,NOT APPLICABLE,NOT APPLICABLE,NOT APPLICABLE,"WORN, DAMAGED",N,NONE,NA,NA,NONE,NOT APPLICABLE,NOT APPLICABLE,00:57:00,0,0,0,0,0,0,1,DRIVER LICENSE,Texas,CLASS C AND M,78417
15053449,2,1,DRIVER,FRONT LEFT,KILLED,32,WHITE,MALE,NO,SHOULDER & LAP BELT,DEPLOYED MULTIPLE,NOT APPLICABLE,N,NONE,NA,NA,NONE,NOT APPLICABLE,NOT APPLICABLE,09:17:00,0,0,0,0,0,0,1,DRIVER LICENSE,Texas,CLASS C,76692
15005473,2,1,DRIVER OF MOTORCYCLE TYPE VEHICLE,FRONT LEFT,KILLED,33,WHITE,MALE,NOT APPLICABLE,NOT APPLICABLE,NOT APPLICABLE,NOT WORN,N,BLOOD,Positive,0.098,BLOOD,Negative,NOT APPLICABLE,02:34:00,0,0,0,0,0,0,1,DRIVER LICENSE,Texas,CLASS C AND M,78108
15149843,2,1,PEDESTRIAN,"PEDESTRIAN, PEDALCYCLIST, OR MOTORIZED CONVEYANCE",KILLED,47,UNKNOWN,MALE,NOT APPLICABLE,NOT APPLICABLE,NOT APPLICABLE,NOT APPLICABLE,N,NONE,NA,NA,NONE,NOT APPLICABLE,NOT APPLICABLE,02:46:00,0,0,0,0,0,0,1,NA,NA,NA,
15044429,3,1,PEDESTRIAN,"PEDESTRIAN, PEDALCYCLIST, OR MOTORIZED CONVEYANCE",KILLED,27,WHITE,MALE,NOT APPLICABLE,NOT APPLICABLE,NOT APPLICABLE,NOT APPLICABLE,N,BLOOD,Negative,0,BLOOD,Negative,NOT APPLICABLE,01:15:00,0,0,0,0,0,0,1,NA,NA,NA,70607
15107690,2,1,PEDESTRIAN,"PEDESTRIAN, PEDALCYCLIST, OR MOTORIZED CONVEYANCE",KILLED,77,WHITE,MALE,NOT APPLICABLE,NOT APPLICABLE,NOT APPLICABLE,NOT APPLICABLE,N,NONE,NA,NA,NONE,NOT APPLICABLE,NOT APPLICABLE,19:48:00,0,0,0,0,0,0,1,DRIVER LICENSE,Texas,CLASS C,77662
15107598,2,1,DRIVER OF MOTORCYCLE TYPE VEHICLE,FRONT LEFT,KILLED,57,WHITE,MALE,NOT APPLICABLE,NOT APPLICABLE,NOT APPLICABLE,NOT WORN,N,BLOOD,Negative,0,OTHER (EXPLAIN IN NARRATIVE),UNKNOWN,UNKNOWN,20:19:00,0,0,0,0,0,0,1,DRIVER LICENSE,Texas,CLASS C,76513
15131538,3,1,DRIVER,FRONT LEFT,KILLED,65,WHITE,MALE,NO,SHOULDER & LAP BELT,UNKNOWN,NOT APPLICABLE,N,NONE,NA,NA,NONE,NOT APPLICABLE,NOT APPLICABLE,14:45:00,0,0,0,0,0,0,1,DRIVER LICENSE,Texas,CLASS C,77320
15043627,1,1,DRIVER,FRONT LEFT,KILLED,20,WHITE,MALE,YES,NONE,NOT DEPLOYED,NOT APPLICABLE,N,OTHER (EXPLAIN IN NARRATIVE),NA,NA,NONE,NOT APPLICABLE,NOT APPLICABLE,15:32:00,0,0,0,0,0,0,1,DRIVER LICENSE,Texas,CLASS C,77351
15052787,1,1,DRIVER OF MOTORCYCLE TYPE VEHICLE,FRONT LEFT,KILLED,24,HISPANIC,MALE,NOT APPLICABLE,NOT APPLICABLE,NOT APPLICABLE,"WORN, DAMAGED",N,BLOOD,Negative,0,BLOOD,Positive,CANNABIS,20:48:00,0,0,0,0,0,0,1,DRIVER LICENSE,Texas,CLASS C,75236
15009241,1,1,DRIVER,FRONT LEFT,KILLED,34,HISPANIC,MALE,YES,NONE,"DEPLOYED, FRONT",NOT APPLICABLE,N,BLOOD,Positive,0.169,NONE,NOT APPLICABLE,NOT APPLICABLE,21:18:00,0,0,0,0,0,0,1,DRIVER LICENSE,Texas,CLASS C,78415
15114521,3,1,DRIVER,FRONT LEFT,KILLED,74,WHITE,MALE,YES,NONE,NOT DEPLOYED,NOT APPLICABLE,N,NONE,NA,NA,NONE,NOT APPLICABLE,NOT APPLICABLE,18:05:00,0,0,0,0,0,0,1,DRIVER LICENSE,Texas,CLASS A,79088
15035007,2,1,DRIVER,FRONT LEFT,KILLED,37,WHITE,MALE,NO,SHOULDER & LAP BELT,"DEPLOYED, FRONT",NOT APPLICABLE,N,BLOOD,Negative,0,BLOOD,Positive,MULTIPLE DRUGS (EXPLAIN IN NARRATIVE),20:56:00,0,0,0,0,0,0,1,DRIVER LICENSE,Texas,CLASS C,77054
15072226,2,1,PEDESTRIAN,"PEDESTRIAN, PEDALCYCLIST, OR MOTORIZED CONVEYANCE",KILLED,48,HISPANIC,MALE,NOT APPLICABLE,NOT APPLICABLE,NOT APPLICABLE,NOT APPLICABLE,Y,NONE,NA,NA,NONE,NOT APPLICABLE,NOT APPLICABLE,10:00:00,0,0,0,0,0,0,1,UNKNOWN,Unknown,UNKNOWN,75007
15096533,2,1,PEDESTRIAN,"PEDESTRIAN, PEDALCYCLIST, OR MOTORIZED CONVEYANCE",KILLED,60,WHITE,MALE,NOT APPLICABLE,NOT APPLICABLE,NOT APPLICABLE,NOT APPLICABLE,N,BLOOD,Negative,0.07,BLOOD,Positive,CANNABIS,01:34:00,0,0,0,0,0,0,1,DRIVER LICENSE,Kentucky,OTHER/OUT OF STATE,40383
15131091,3,1,DRIVER,FRONT LEFT,KILLED,41,HISPANIC,MALE,NO,SHOULDER & LAP BELT,DEPLOYED MULTIPLE,NOT APPLICABLE,N,URINE,Negative,0,URINE,Negative,NOT APPLICABLE,07:04:00,0,0,0,0,0,0,1,COMMERCIAL DRIVER LIC.,Texas,CLASS A,79712
15010732,1,1,DRIVER,FRONT LEFT,KILLED,18,HISPANIC,MALE,NO,UNKNOWN,NOT DEPLOYED,NOT APPLICABLE,N,OTHER (EXPLAIN IN NARRATIVE),NA,NA,OTHER (EXPLAIN IN NARRATIVE),UNKNOWN,UNKNOWN,14:01:00,0,0,0,0,0,0,1,DRIVER LICENSE,Texas,CLASS C,78596
15109549,1,1,DRIVER,FRONT LEFT,KILLED,62,HISPANIC,MALE,NO,SHOULDER & LAP BELT,"DEPLOYED, FRONT",NOT APPLICABLE,N,NONE,NA,NA,NONE,NOT APPLICABLE,NOT APPLICABLE,14:10:00,0,0,0,0,0,0,1,DRIVER LICENSE,Texas,CLASS C,78832
15124249,2,1,PEDESTRIAN,"PEDESTRIAN, PEDALCYCLIST, OR MOTORIZED CONVEYANCE",KILLED,73,HISPANIC,MALE,NOT APPLICABLE,NOT APPLICABLE,NOT APPLICABLE,NOT APPLICABLE,N,NONE,NA,NA,NONE,NOT APPLICABLE,NOT APPLICABLE,05:00:00,0,0,0,0,0,0,1,NA,NA,NA,78577
15014078,1,1,DRIVER,FRONT LEFT,KILLED,42,WHITE,MALE,NO,SHOULDER & LAP BELT,NOT DEPLOYED,NOT APPLICABLE,N,BLOOD,Positive,0.256,BLOOD,Negative,NOT APPLICABLE,02:39:00,0,0,0,0,0,0,1,DRIVER LICENSE,Texas,CLASS C,77088
15085115,2,1,DRIVER OF MOTORCYCLE TYPE VEHICLE,FRONT LEFT,KILLED,19,WHITE,MALE,NOT APPLICABLE,NOT APPLICABLE,NOT APPLICABLE,NOT WORN,N,NONE,NA,NA,NONE,NOT APPLICABLE,NOT APPLICABLE,16:56:00,0,0,0,0,0,0,1,COMMERCIAL DRIVER LIC.,Texas,CLASS B AND M,78633
15042067,2,1,DRIVER,FRONT LEFT,KILLED,37,HISPANIC,MALE,NO,UNKNOWN,"DEPLOYED, FRONT",NOT APPLICABLE,N,BLOOD,Negative,0,BLOOD,Negative,NOT APPLICABLE,10:28:00,0,0,0,0,0,0,1,DRIVER LICENSE,Texas,CLASS C,79915
15035132,2,1,PEDESTRIAN,"PEDESTRIAN, PEDALCYCLIST, OR MOTORIZED CONVEYANCE",KILLED,60,HISPANIC,MALE,NOT APPLICABLE,NOT APPLICABLE,NOT APPLICABLE,NOT APPLICABLE,N,NONE,NA,NA,NONE,NOT APPLICABLE,NOT APPLICABLE,23:09:00,0,0,0,0,0,0,1,ID CARD,Texas,UNLICENSED,78596
15111312,2,1,DRIVER,FRONT LEFT,KILLED,54,HISPANIC,MALE,NO,NONE,DEPLOYED MULTIPLE,NOT APPLICABLE,N,NONE,NA,NA,NONE,NOT APPLICABLE,NOT APPLICABLE,12:55:00,0,0,0,0,0,0,1,DRIVER LICENSE,Texas,CLASS C,76940
15120443,2,1,PEDESTRIAN,"PEDESTRIAN, PEDALCYCLIST, OR MOTORIZED CONVEYANCE",KILLED,48,HISPANIC,MALE,NOT APPLICABLE,NOT APPLICABLE,NOT APPLICABLE,NOT APPLICABLE,N,BLOOD,Negative,0,BLOOD,Negative,NOT APPLICABLE,00:17:00,0,0,0,0,0,0,1,NA,NA,NA,77093
15023748,3,1,DRIVER,FRONT LEFT,KILLED,58,WHITE,MALE,"YES, PARTIAL",SHOULDER & LAP BELT,DEPLOYED MULTIPLE,NOT APPLICABLE,N,NONE,NA,NA,NONE,NOT APPLICABLE,NOT APPLICABLE,12:50:00,0,0,0,0,0,0,1,DRIVER LICENSE,Texas,CLASS C AND M,79707
15085548,2,1,PEDESTRIAN,"PEDESTRIAN, PEDALCYCLIST, OR MOTORIZED CONVEYANCE",KILLED,54,ASIAN,MALE,NOT APPLICABLE,NOT APPLICABLE,NOT APPLICABLE,NOT APPLICABLE,N,BLOOD,Negative,0,BLOOD,Negative,NOT APPLICABLE,02:38:00,0,0,0,0,0,0,1,NA,NA,NA,
15081189,2,1,DRIVER,FRONT LEFT,KILLED,62,BLACK,MALE,"YES, PARTIAL",SHOULDER & LAP BELT,NOT DEPLOYED,NOT APPLICABLE,N,BLOOD,Positive,0.096,BLOOD,Negative,NOT APPLICABLE,02:08:00,0,0,0,0,0,0,1,DRIVER LICENSE,Texas,CLASS C,77045
15254715,2,1,DRIVER,FRONT LEFT,KILLED,38,BLACK,MALE,"YES, PARTIAL",NONE,DEPLOYED MULTIPLE,NOT APPLICABLE,N,BLOOD,Negative,0,BLOOD,Positive,CANNABIS,14:37:00,0,0,0,0,0,0,1,DRIVER LICENSE,Texas,CLASS C,76112
15291212,2,1,DRIVER,FRONT LEFT,KILLED,37,WHITE,MALE,NO,SHOULDER & LAP BELT,"DEPLOYED, FRONT",NOT APPLICABLE,N,NONE,NA,NA,NONE,NOT APPLICABLE,NOT APPLICABLE,06:38:00,0,0,0,0,0,0,1,DRIVER LICENSE,Texas,CLASS C,77469
15300594,2,1,DRIVER,FRONT LEFT,KILLED,81,WHITE,MALE,NO,SHOULDER & LAP BELT,DEPLOYED MULTIPLE,NOT APPLICABLE,N,NONE,NA,NA,NONE,NOT APPLICABLE,NOT APPLICABLE,14:22:00,0,0,0,0,0,0,1,DRIVER LICENSE,Texas,CLASS C,79830
15243364,1,1,DRIVER OF MOTORCYCLE TYPE VEHICLE,FRONT LEFT,KILLED,41,BLACK,MALE,NOT APPLICABLE,NOT APPLICABLE,NOT APPLICABLE,NOT WORN,N,BLOOD,Positive,0.14,NONE,NOT APPLICABLE,NOT APPLICABLE,01:26:00,0,0,0,0,0,0,1,ID CARD,Texas,UNLICENSED,77026
15394569,2,1,DRIVER OF MOTORCYCLE TYPE VEHICLE,FRONT LEFT,KILLED,50,BLACK,MALE,NOT APPLICABLE,NOT APPLICABLE,NOT APPLICABLE,"WORN, DAMAGED",N,BLOOD,Negative,0.026,BLOOD,Negative,NOT APPLICABLE,20:05:00,0,0,0,0,0,0,1,DRIVER LICENSE,Texas,CLASS C AND M,76018
15273396,2,1,DRIVER,FRONT LEFT,KILLED,39,HISPANIC,MALE,NO,SHOULDER & LAP BELT,"DEPLOYED, FRONT",NOT APPLICABLE,N,BLOOD,Positive,0.101,BLOOD,Negative,NOT APPLICABLE,06:00:00,0,0,0,0,0,0,1,UNLICENSED,NA,UNLICENSED,75227
15264353,2,1,DRIVER,FRONT LEFT,KILLED,38,WHITE,MALE,NO,SHOULDER & LAP BELT,"DEPLOYED, FRONT",NOT APPLICABLE,N,NONE,NA,NA,NONE,NOT APPLICABLE,NOT APPLICABLE,16:46:00,0,0,0,0,0,0,1,DRIVER LICENSE,Texas,CLASS C,76476
15238855,2,1,DRIVER,FRONT LEFT,KILLED,74,WHITE,MALE,NO,SHOULDER & LAP BELT,"DEPLOYED, FRONT",NOT APPLICABLE,N,NONE,NA,NA,NONE,NOT APPLICABLE,NOT APPLICABLE,23:12:00,0,0,0,0,0,0,1,DRIVER LICENSE,Texas,CLASS C,78639
15230798,2,1,DRIVER,FRONT LEFT,KILLED,42,HISPANIC,MALE,NO,SHOULDER & LAP BELT,DEPLOYED MULTIPLE,NOT APPLICABLE,N,NONE,NA,NA,NONE,NOT APPLICABLE,NOT APPLICABLE,18:30:00,0,0,0,0,0,0,1,DRIVER LICENSE,Texas,CLASS C,78393
15196234,3,1,DRIVER,FRONT LEFT,KILLED,56,WHITE,MALE,NO,UNKNOWN,NOT APPLICABLE,NOT APPLICABLE,N,NONE,NA,NA,NONE,NOT APPLICABLE,NOT APPLICABLE,05:28:00,0,0,0,0,0,0,1,COMMERCIAL DRIVER LIC.,Missouri,OTHER/OUT OF STATE,64735
15148452,2,1,PEDESTRIAN,"PEDESTRIAN, PEDALCYCLIST, OR MOTORIZED CONVEYANCE",KILLED,56,HISPANIC,MALE,NOT APPLICABLE,NOT APPLICABLE,NOT APPLICABLE,NOT APPLICABLE,N,BLOOD,Positive,0.09,BLOOD,Positive,CNS STIMULANTS,00:28:00,0,0,0,0,0,0,1,ID CARD,Texas,UNLICENSED,78202
15183386,4,1,PEDESTRIAN,"PEDESTRIAN, PEDALCYCLIST, OR MOTORIZED CONVEYANCE",KILLED,40,HISPANIC,MALE,NOT APPLICABLE,NOT APPLICABLE,NOT APPLICABLE,NOT APPLICABLE,N,BLOOD,Negative,0.07,BLOOD,Negative,NOT APPLICABLE,17:50:00,0,0,0,0,0,0,1,UNLICENSED,NA,UNLICENSED,78224
15187805,3,1,DRIVER,FRONT LEFT,KILLED,55,HISPANIC,MALE,NO,SHOULDER & LAP BELT,"DEPLOYED, FRONT",NOT APPLICABLE,N,NONE,NA,NA,NONE,NOT APPLICABLE,NOT APPLICABLE,02:30:00,0,0,0,0,0,0,1,DRIVER LICENSE,Texas,CLASS C,79347
15231100,2,1,PEDESTRIAN,"PEDESTRIAN, PEDALCYCLIST, OR MOTORIZED CONVEYANCE",KILLED,60,HISPANIC,MALE,NOT APPLICABLE,NOT APPLICABLE,NOT APPLICABLE,NOT APPLICABLE,N,BLOOD,Positive,0.25,BLOOD,Positive,CNS DEPRESSANTS,21:13:00,0,0,0,0,0,0,1,DRIVER LICENSE,Texas,CLASS A,79902
15156395,1,1,DRIVER OF MOTORCYCLE TYPE VEHICLE,FRONT LEFT,KILLED,47,WHITE,MALE,NOT APPLICABLE,NOT APPLICABLE,NOT APPLICABLE,NOT WORN,N,BLOOD,NA,NA,BLOOD,UNKNOWN,UNKNOWN,19:25:00,0,0,0,0,0,0,1,DRIVER LICENSE,Texas,CLASS C,76444
15199245,1,1,DRIVER,FRONT LEFT,KILLED,48,HISPANIC,MALE,YES,NONE,NOT DEPLOYED,NOT APPLICABLE,N,BLOOD,Positive,0.179,NONE,NOT APPLICABLE,NOT APPLICABLE,01:23:00,0,0,0,0,0,0,1,DRIVER LICENSE,Texas,CLASS C,77074
15238123,1,1,DRIVER,FRONT LEFT,KILLED,58,OTHER,MALE,YES,NONE,DEPLOYED MULTIPLE,NOT APPLICABLE,N,NONE,NA,NA,NONE,NOT APPLICABLE,NOT APPLICABLE,00:24:00,0,0,0,0,0,0,1,DRIVER LICENSE,Texas,CLASS C,76513
15217990,2,1,DRIVER OF MOTORCYCLE TYPE VEHICLE,FRONT LEFT,KILLED,25,HISPANIC,MALE,NOT APPLICABLE,NOT APPLICABLE,NOT APPLICABLE,"WORN, UNK DAMAGE",N,NONE,NA,NA,NONE,NOT APPLICABLE,NOT APPLICABLE,00:00:00,0,0,0,0,0,0,1,DRIVER LICENSE,Texas,CLASS A,79936
15279375,2,1,PEDESTRIAN,"PEDESTRIAN, PEDALCYCLIST, OR MOTORIZED CONVEYANCE",KILLED,59,WHITE,MALE,NOT APPLICABLE,NOT APPLICABLE,NOT APPLICABLE,NOT APPLICABLE,N,BLOOD,Negative,0,BLOOD,NOT APPLICABLE,NOT APPLICABLE,16:47:00,0,0,0,0,0,0,1,DRIVER LICENSE,Texas,CLASS C,75402
15303393,1,1,DRIVER,FRONT LEFT,KILLED,69,HISPANIC,MALE,NO,SHOULDER & LAP BELT,"DEPLOYED, FRONT",NOT APPLICABLE,N,NONE,NA,NA,NONE,NOT APPLICABLE,NOT APPLICABLE,14:25:00,0,0,0,0,0,0,1,DRIVER LICENSE,Texas,CLASS C,75078
15225426,3,1,PEDESTRIAN,"PEDESTRIAN, PEDALCYCLIST, OR MOTORIZED CONVEYANCE",KILLED,32,BLACK,MALE,NOT APPLICABLE,NOT APPLICABLE,NOT APPLICABLE,NOT APPLICABLE,N,BLOOD,Negative,0,BLOOD,Positive,MULTIPLE DRUGS (EXPLAIN IN NARRATIVE),22:51:00,0,0,0,0,0,0,1,NA,NA,NA,
15194422,2,1,PEDESTRIAN,"PEDESTRIAN, PEDALCYCLIST, OR MOTORIZED CONVEYANCE",KILLED,39,HISPANIC,MALE,NOT APPLICABLE,NOT APPLICABLE,NOT APPLICABLE,NOT APPLICABLE,N,BLOOD,Negative,0,BLOOD,Negative,NOT APPLICABLE,05:53:00,0,0,0,0,0,0,1,DRIVER LICENSE,Texas,CLASS C,78223
15238743,2,1,DRIVER OF MOTORCYCLE TYPE VEHICLE,FRONT LEFT,KILLED,31,WHITE,MALE,NOT APPLICABLE,NOT APPLICABLE,NOT APPLICABLE,NOT WORN,N,NONE,NA,NA,NONE,NOT APPLICABLE,NOT APPLICABLE,15:11:00,0,0,0,0,0,0,1,DRIVER LICENSE,Texas,CLASS C,76426
15158717,1,1,DRIVER,FRONT LEFT,KILLED,57,OTHER,MALE,NO,NONE,NOT DEPLOYED,NOT APPLICABLE,N,BLOOD,NA,NA,BLOOD,UNKNOWN,UNKNOWN,22:00:00,0,0,0,0,0,0,1,DRIVER LICENSE,Texas,CLASS C,75862
15204417,2,1,DRIVER,FRONT LEFT,KILLED,37,HISPANIC,MALE,NO,NONE,NOT DEPLOYED,NOT APPLICABLE,N,BLOOD,Positive,0.278,NONE,NOT APPLICABLE,NOT APPLICABLE,21:35:00,0,0,0,0,0,0,1,UNLICENSED,NA,UNLICENSED,79412
15228484,2,1,PEDALCYCLIST,"PEDESTRIAN, PEDALCYCLIST, OR MOTORIZED CONVEYANCE",KILLED,19,WHITE,MALE,NOT APPLICABLE,NOT APPLICABLE,NOT APPLICABLE,NOT WORN,N,NONE,NA,NA,NONE,NOT APPLICABLE,NOT APPLICABLE,22:42:00,0,0,0,0,0,0,1,ID CARD,Texas,UNLICENSED,75693
15431823,2,1,DRIVER,FRONT LEFT,KILLED,19,BLACK,MALE,NO,UNKNOWN,"DEPLOYED, FRONT",NOT APPLICABLE,N,BLOOD,Negative,0,BLOOD,Negative,NOT APPLICABLE,03:28:00,0,0,0,0,0,0,1,DRIVER LICENSE,Texas,CLASS C,75249
15208571,2,1,DRIVER,FRONT LEFT,KILLED,65,WHITE,MALE,NO,SHOULDER & LAP BELT,NOT DEPLOYED,NOT APPLICABLE,N,OTHER (EXPLAIN IN NARRATIVE),Negative,0,OTHER (EXPLAIN IN NARRATIVE),Positive,CNS DEPRESSANTS,16:33:00,0,0,0,0,0,0,1,COMMERCIAL DRIVER LIC.,Texas,CLASS A AND M,75459
15225684,2,1,PEDALCYCLIST,"PEDESTRIAN, PEDALCYCLIST, OR MOTORIZED CONVEYANCE",KILLED,59,WHITE,MALE,NOT APPLICABLE,NOT APPLICABLE,NOT APPLICABLE,NOT WORN,N,NONE,NA,NA,NONE,NOT APPLICABLE,NOT APPLICABLE,22:00:00,0,0,0,0,0,0,1,DRIVER LICENSE,Texas,CLASS C AND M,79012
15308901,4,1,PEDESTRIAN,"PEDESTRIAN, PEDALCYCLIST, OR MOTORIZED CONVEYANCE",KILLED,29,BLACK,MALE,NOT APPLICABLE,NOT APPLICABLE,NOT APPLICABLE,NOT APPLICABLE,N,BLOOD,NA,NA,BLOOD,UNKNOWN,UNKNOWN,06:31:00,0,0,0,0,0,0,1,DRIVER LICENSE,Texas,CLASS C,75211
15179344,2,1,DRIVER OF MOTORCYCLE TYPE VEHICLE,FRONT LEFT,KILLED,45,WHITE,MALE,NOT APPLICABLE,NOT APPLICABLE,NOT APPLICABLE,NOT WORN,N,NONE,NA,NA,NONE,NOT APPLICABLE,NOT APPLICABLE,03:00:00,0,0,0,0,0,0,1,COMMERCIAL DRIVER LIC.,Texas,CLASS A AND M,78602
15293480,2,1,DRIVER OF MOTORCYCLE TYPE VEHICLE,FRONT LEFT,KILLED,29,HISPANIC,MALE,NOT APPLICABLE,NOT APPLICABLE,NOT APPLICABLE,"WORN, DAMAGED",N,NONE,NA,NA,NONE,NOT APPLICABLE,NOT APPLICABLE,06:17:00,0,0,0,0,0,0,1,DRIVER LICENSE,Texas,CLASS C,78550
15226469,1,1,DRIVER OF MOTORCYCLE TYPE VEHICLE,FRONT LEFT,KILLED,23,WHITE,MALE,NOT APPLICABLE,NOT APPLICABLE,NOT APPLICABLE,NOT WORN,N,BLOOD,Positive,0.22,BLOOD,Negative,NOT APPLICABLE,02:31:00,0,0,0,0,0,0,1,DRIVER LICENSE,Texas,CLASS C,77590
15267141,2,1,PEDESTRIAN,"PEDESTRIAN, PEDALCYCLIST, OR MOTORIZED CONVEYANCE",KILLED,4,HISPANIC,MALE,NOT APPLICABLE,NOT APPLICABLE,NOT APPLICABLE,NOT APPLICABLE,N,NONE,NA,NA,NONE,NOT APPLICABLE,NOT APPLICABLE,19:40:00,0,0,0,0,0,0,1,NA,NA,NA,77518
15285780,2,1,PEDESTRIAN,"PEDESTRIAN, PEDALCYCLIST, OR MOTORIZED CONVEYANCE",KILLED,46,HISPANIC,MALE,NOT APPLICABLE,NOT APPLICABLE,NOT APPLICABLE,NOT APPLICABLE,N,NONE,NA,NA,NONE,NOT APPLICABLE,NOT APPLICABLE,22:15:00,0,0,0,0,0,0,1,NA,NA,NA,78570
15231131,2,1,DRIVER,FRONT LEFT,KILLED,26,HISPANIC,MALE,NO,SHOULDER & LAP BELT,DEPLOYED MULTIPLE,NOT APPLICABLE,N,BLOOD,Negative,0,BLOOD,Positive,NARCOTIC ANALGESICS,00:16:00,0,0,0,0,0,0,1,DRIVER LICENSE,Texas,CLASS C,77379
15186745,3,1,DRIVER OF MOTORCYCLE TYPE VEHICLE,FRONT LEFT,KILLED,38,WHITE,MALE,NOT APPLICABLE,NOT APPLICABLE,NOT APPLICABLE,"WORN, DAMAGED",N,BLOOD,Negative,0,BLOOD,Positive,NARCOTIC ANALGESICS,23:32:00,0,0,0,0,0,0,1,DRIVER LICENSE,Texas,CLASS C AND M,77316
15214486,2,1,PEDALCYCLIST,"PEDESTRIAN, PEDALCYCLIST, OR MOTORIZED CONVEYANCE",KILLED,58,WHITE,MALE,NOT APPLICABLE,NOT APPLICABLE,NOT APPLICABLE,NOT WORN,N,NONE,NA,NA,NONE,NOT APPLICABLE,NOT APPLICABLE,14:45:00,0,0,0,0,0,0,1,ID CARD,Alabama,UNLICENSED,36303
15250924,2,1,PEDESTRIAN,"PEDESTRIAN, PEDALCYCLIST, OR MOTORIZED CONVEYANCE",KILLED,28,HISPANIC,MALE,NOT APPLICABLE,NOT APPLICABLE,NOT APPLICABLE,NOT APPLICABLE,N,NONE,NA,NA,NONE,NOT APPLICABLE,NOT APPLICABLE,23:21:00,0,0,0,0,0,0,1,DRIVER LICENSE,Texas,CLASS C,79106
15181539,2,1,PASSENGER/OCCUPANT,FRONT LEFT,KILLED,20,HISPANIC,MALE,NO,NONE,"DEPLOYED, SIDE",NOT APPLICABLE,N,NONE,NA,NA,NONE,NOT APPLICABLE,NOT APPLICABLE,02:35:00,0,0,0,0,0,0,1,ID CARD,Texas,UNLICENSED,77573
15200175,2,1,PEDESTRIAN,"PEDESTRIAN, PEDALCYCLIST, OR MOTORIZED CONVEYANCE",KILLED,43,BLACK,MALE,NOT APPLICABLE,NOT APPLICABLE,NOT APPLICABLE,NOT APPLICABLE,N,BLOOD,Positive,0.19,BLOOD,Negative,NOT APPLICABLE,02:37:00,0,0,0,0,0,0,1,NA,NA,NA,
15232747,2,1,DRIVER,FRONT LEFT,KILLED,27,WHITE,MALE,NO,SHOULDER & LAP BELT,"DEPLOYED, FRONT",NOT APPLICABLE,N,NONE,NA,NA,NONE,NOT APPLICABLE,NOT APPLICABLE,13:27:00,0,0,0,0,0,0,1,DRIVER LICENSE,Texas,CLASS C,76707
15170778,2,1,PEDESTRIAN,"PEDESTRIAN, PEDALCYCLIST, OR MOTORIZED CONVEYANCE",KILLED,57,HISPANIC,MALE,NOT APPLICABLE,NOT APPLICABLE,NOT APPLICABLE,NOT APPLICABLE,N,NONE,NA,NA,NONE,NOT APPLICABLE,NOT APPLICABLE,23:32:00,0,0,0,0,0,0,1,ID CARD,Texas,UNLICENSED,77901
15236564,2,1,DRIVER OF MOTORCYCLE TYPE VEHICLE,FRONT LEFT,KILLED,59,WHITE,MALE,NOT APPLICABLE,NOT APPLICABLE,NOT APPLICABLE,NOT WORN,N,BLOOD,Negative,0,BLOOD,Negative,NOT APPLICABLE,16:57:00,0,0,0,0,0,0,1,DRIVER LICENSE,Texas,CLASS C,79935
15231664,4,1,PEDESTRIAN,"PEDESTRIAN, PEDALCYCLIST, OR MOTORIZED CONVEYANCE",KILLED,6,HISPANIC,MALE,NOT APPLICABLE,NOT APPLICABLE,NOT APPLICABLE,NOT APPLICABLE,N,NONE,NA,NA,NONE,NOT APPLICABLE,NOT APPLICABLE,12:30:00,0,0,0,0,0,0,1,UNLICENSED,NA,UNLICENSED,79416
15191566,2,1,DRIVER OF MOTORCYCLE TYPE VEHICLE,FRONT LEFT,KILLED,25,WHITE,MALE,NOT APPLICABLE,NOT APPLICABLE,NOT APPLICABLE,NOT WORN,N,BLOOD,Negative,0,BLOOD,Positive,CNS STIMULANTS,19:09:00,0,0,0,0,0,0,1,DRIVER LICENSE,Texas,CLASS C AND M,75180
15573505,2,1,DRIVER,FRONT LEFT,KILLED,30,BLACK,MALE,NO,NONE,DEPLOYED MULTIPLE,NOT APPLICABLE,N,NONE,NA,NA,NONE,NOT APPLICABLE,NOT APPLICABLE,03:56:00,0,0,0,0,0,0,1,DRIVER LICENSE,Texas,CLASS C,77583
15240352,6,1,PEDESTRIAN,"PEDESTRIAN, PEDALCYCLIST, OR MOTORIZED CONVEYANCE",KILLED,45,WHITE,MALE,NOT APPLICABLE,NOT APPLICABLE,NOT APPLICABLE,NOT APPLICABLE,N,NONE,NA,NA,NONE,NOT APPLICABLE,NOT APPLICABLE,12:40:00,0,0,0,0,0,0,1,DRIVER LICENSE,Texas,CLASS C,78133
15267097,2,1,DRIVER,FRONT LEFT,KILLED,30,WHITE,MALE,NO,SHOULDER & LAP BELT,NOT DEPLOYED,NOT APPLICABLE,N,BLOOD,Negative,0,BLOOD,Positive,CANNABIS,16:20:00,0,0,0,0,0,0,1,ID CARD,Texas,UNLICENSED,77541
15159136,2,1,PEDESTRIAN,"PEDESTRIAN, PEDALCYCLIST, OR MOTORIZED CONVEYANCE",KILLED,3,HISPANIC,MALE,NOT APPLICABLE,NOT APPLICABLE,NOT APPLICABLE,NOT APPLICABLE,N,NONE,NA,NA,NONE,NOT APPLICABLE,NOT APPLICABLE,17:48:00,0,0,0,0,0,0,1,NA,NA,NA,78723
15246994,1,1,DRIVER,FRONT LEFT,KILLED,56,WHITE,MALE,YES,SHOULDER & LAP BELT,NOT DEPLOYED,NOT APPLICABLE,N,BLOOD,Negative,0,BLOOD,Negative,NOT APPLICABLE,17:25:00,0,0,0,0,0,0,1,COMMERCIAL DRIVER LIC.,Texas,CLASS B,78223
15189783,1,1,DRIVER OF MOTORCYCLE TYPE VEHICLE,FRONT LEFT,KILLED,47,BLACK,MALE,NOT APPLICABLE,NOT APPLICABLE,NOT APPLICABLE,"WORN, DAMAGED",N,BLOOD,NA,NA,BLOOD,UNKNOWN,UNKNOWN,23:41:00,0,0,0,0,0,0,1,DRIVER LICENSE,Texas,CLASS C,76120
15322615,3,1,DRIVER,FRONT LEFT,KILLED,22,ASIAN,MALE,NO,SHOULDER & LAP BELT,DEPLOYED MULTIPLE,NOT APPLICABLE,N,NONE,NA,NA,NONE,NOT APPLICABLE,NOT APPLICABLE,14:30:00,0,0,0,0,0,0,1,DRIVER LICENSE,Texas,CLASS C,77840
15329279,1,1,DRIVER,FRONT LEFT,KILLED,42,WHITE,MALE,NO,SHOULDER & LAP BELT,"DEPLOYED, FRONT",NOT APPLICABLE,N,BLOOD,Negative,0,BLOOD,Negative,NOT APPLICABLE,14:28:00,0,0,0,0,0,0,1,DRIVER LICENSE,Texas,CLASS C,76487
15325224,2,1,DRIVER,FRONT LEFT,KILLED,32,HISPANIC,MALE,YES,UNKNOWN,"DEPLOYED, FRONT",NOT APPLICABLE,N,BLOOD,Positive,0.202,BLOOD,Positive,CANNABIS,03:04:00,0,0,0,0,0,0,1,ID CARD,Texas,UNLICENSED,77015
15738225,2,1,DRIVER OF MOTORCYCLE TYPE VEHICLE,FRONT LEFT,KILLED,27,HISPANIC,MALE,NOT APPLICABLE,NOT APPLICABLE,NOT APPLICABLE,NOT WORN,N,NONE,NA,NA,NONE,NOT APPLICABLE,NOT APPLICABLE,18:19:00,0,0,0,0,0,0,1,DRIVER LICENSE,Texas,CLASS C,78046
15658219,5,1,PEDESTRIAN,"PEDESTRIAN, PEDALCYCLIST, OR MOTORIZED CONVEYANCE",KILLED,22,HISPANIC,MALE,NOT APPLICABLE,NOT APPLICABLE,NOT APPLICABLE,NOT APPLICABLE,N,NONE,NA,NA,NONE,NOT APPLICABLE,NOT APPLICABLE,13:00:00,0,0,0,0,0,0,1,DRIVER LICENSE,Mexico,OTHER/OUT OF STATE,87560
15344516,3,1,DRIVER,FRONT LEFT,KILLED,36,WHITE,MALE,NO,SHOULDER & LAP BELT,UNKNOWN,NOT APPLICABLE,N,NONE,NA,NA,NONE,NOT APPLICABLE,NOT APPLICABLE,19:02:00,0,0,0,0,0,0,1,COMMERCIAL DRIVER LIC.,Texas,CLASS A,79777
15350667,2,1,DRIVER,FRONT LEFT,KILLED,68,BLACK,MALE,NO,UNKNOWN,"DEPLOYED, FRONT",NOT APPLICABLE,N,BLOOD,NA,NA,BLOOD,UNKNOWN,UNKNOWN,20:18:00,0,0,0,0,0,0,1,DRIVER LICENSE,Texas,CLASS C,76111
15431440,2,1,DRIVER,FRONT LEFT,KILLED,49,WHITE,MALE,NO,SHOULDER & LAP BELT,"DEPLOYED, FRONT",NOT APPLICABLE,N,BLOOD,NA,NA,NONE,NOT APPLICABLE,NOT APPLICABLE,18:38:00,0,0,0,0,0,0,1,DRIVER LICENSE,Texas,CLASS C,75961
15414552,2,1,DRIVER,FRONT LEFT,KILLED,36,HISPANIC,MALE,NO,UNKNOWN,"DEPLOYED, FRONT",NOT APPLICABLE,N,BLOOD,NA,NA,BLOOD,Negative,NOT APPLICABLE,12:07:00,0,0,0,0,0,0,1,DRIVER LICENSE,Texas,CLASS C,78101
15503748,1,1,DRIVER,FRONT LEFT,KILLED,97,HISPANIC,MALE,NO,UNKNOWN,"DEPLOYED, FRONT",NOT APPLICABLE,N,BLOOD,Negative,0,BLOOD,Negative,NOT APPLICABLE,04:05:00,0,0,0,0,0,0,1,DRIVER LICENSE,Texas,CLASS C,79930
15415308,2,1,DRIVER OF MOTORCYCLE TYPE VEHICLE,FRONT LEFT,KILLED,35,WHITE,MALE,NOT APPLICABLE,NOT APPLICABLE,NOT APPLICABLE,NOT WORN,N,BLOOD,Negative,0,BLOOD,Positive,MULTIPLE DRUGS (EXPLAIN IN NARRATIVE),02:40:00,0,0,0,0,0,0,1,DRIVER LICENSE,Missouri,OTHER/OUT OF STATE,63052
15355246,2,1,DRIVER,FRONT LEFT,KILLED,32,HISPANIC,MALE,NO,SHOULDER & LAP BELT,NOT DEPLOYED,NOT APPLICABLE,N,NONE,NA,NA,NONE,NOT APPLICABLE,NOT APPLICABLE,15:32:00,0,0,0,0,0,0,1,DRIVER LICENSE,Texas,CLASS C,78550
15429998,2,1,DRIVER,FRONT LEFT,KILLED,31,BLACK,MALE,NO,UNKNOWN,NOT DEPLOYED,NOT APPLICABLE,N,BLOOD,NA,NA,BLOOD,UNKNOWN,UNKNOWN,00:59:00,0,0,0,0,0,0,1,DRIVER LICENSE,Texas,CLASS C,76548
15427361,4,1,PEDESTRIAN,"PEDESTRIAN, PEDALCYCLIST, OR MOTORIZED CONVEYANCE",KILLED,42,BLACK,MALE,NOT APPLICABLE,NOT APPLICABLE,NOT APPLICABLE,NOT APPLICABLE,N,BLOOD,Negative,0,BLOOD,Negative,NOT APPLICABLE,20:06:00,0,0,0,0,0,0,1,DRIVER LICENSE,Texas,CLASS A,76028
15495712,1,1,DRIVER,FRONT LEFT,KILLED,26,BLACK,MALE,NO,NONE,"DEPLOYED, FRONT",NOT APPLICABLE,N,BLOOD,Positive,0.244,NONE,NOT APPLICABLE,NOT APPLICABLE,00:53:00,0,0,0,0,0,0,1,COMMERCIAL DRIVER LIC.,Texas,CLASS A,756050000
15354886,2,1,DRIVER,FRONT LEFT,KILLED,69,WHITE,MALE,NO,SHOULDER & LAP BELT,DEPLOYED MULTIPLE,NOT APPLICABLE,N,BLOOD,NA,NA,BLOOD,Positive,OTHER DRUGS (EXPLAIN IN NARRATIVE),22:54:00,0,0,0,0,0,0,1,DRIVER LICENSE,Texas,CLASS C,78628
15374648,3,1,DRIVER,FRONT LEFT,KILLED,81,HISPANIC,MALE,NO,UNKNOWN,NOT DEPLOYED,NOT APPLICABLE,N,BLOOD,NA,NA,BLOOD,Negative,NOT APPLICABLE,16:08:00,0,0,0,0,0,0,1,DRIVER LICENSE,Texas,CLASS C,78228
15379024,4,1,PEDESTRIAN,"PEDESTRIAN, PEDALCYCLIST, OR MOTORIZED CONVEYANCE",KILLED,37,BLACK,MALE,NOT APPLICABLE,NOT APPLICABLE,NOT APPLICABLE,NOT APPLICABLE,N,BLOOD,Negative,0,BLOOD,Negative,NOT APPLICABLE,20:00:00,0,0,0,0,0,0,1,DRIVER LICENSE,Texas,CLASS C,75224
15478762,2,1,PEDESTRIAN,"PEDESTRIAN, PEDALCYCLIST, OR MOTORIZED CONVEYANCE",KILLED,22,WHITE,MALE,NOT APPLICABLE,NOT APPLICABLE,NOT APPLICABLE,NOT APPLICABLE,N,BLOOD,Positive,0.225,NONE,NOT APPLICABLE,NOT APPLICABLE,04:16:00,0,0,0,0,0,0,1,NA,NA,NA,77062
15429998,1,1,DRIVER,FRONT LEFT,KILLED,41,HISPANIC,MALE,NO,NONE,NOT DEPLOYED,NOT APPLICABLE,N,BLOOD,Positive,0.21,NONE,NOT APPLICABLE,NOT APPLICABLE,00:50:00,0,0,0,0,0,0,1,DRIVER LICENSE,Texas,CLASS C,76513
15330330,1,1,DRIVER,FRONT LEFT,KILLED,28,HISPANIC,MALE,NO,SHOULDER & LAP BELT,"DEPLOYED, FRONT",NOT APPLICABLE,N,BLOOD,Negative,0,BLOOD,Negative,NOT APPLICABLE,06:50:00,0,0,0,0,0,0,1,DRIVER LICENSE,Texas,CLASS A,
15355385,3,1,DRIVER,FRONT LEFT,KILLED,37,HISPANIC,MALE,"YES, PARTIAL",SHOULDER & LAP BELT,DEPLOYED MULTIPLE,NOT APPLICABLE,N,NONE,NA,NA,NONE,NOT APPLICABLE,NOT APPLICABLE,20:13:00,0,0,0,0,0,0,1,DRIVER LICENSE,Texas,CLASS C,79703
15329489,3,1,DRIVER,FRONT LEFT,KILLED,44,HISPANIC,MALE,NO,SHOULDER & LAP BELT,NOT DEPLOYED,NOT APPLICABLE,N,NONE,NA,NA,NONE,NOT APPLICABLE,NOT APPLICABLE,15:57:00,0,0,0,0,0,0,1,UNLICENSED,NA,UNLICENSED,77301
15515080,2,1,PEDESTRIAN,"PEDESTRIAN, PEDALCYCLIST, OR MOTORIZED CONVEYANCE",KILLED,41,WHITE,MALE,NOT APPLICABLE,NOT APPLICABLE,NOT APPLICABLE,NOT APPLICABLE,N,NONE,NA,NA,NONE,NOT APPLICABLE,NOT APPLICABLE,22:00:00,0,0,0,0,0,0,1,DRIVER LICENSE,Texas,CLASS C,77662
15334831,2,1,DRIVER OF MOTORCYCLE TYPE VEHICLE,FRONT LEFT,KILLED,50,HISPANIC,MALE,NOT APPLICABLE,NOT APPLICABLE,NOT APPLICABLE,NOT WORN,N,NONE,NA,NA,NONE,NOT APPLICABLE,NOT APPLICABLE,18:56:00,0,0,0,0,0,0,1,DRIVER LICENSE,Texas,CLASS C AND M,79413
15317119,1,1,DRIVER,FRONT LEFT,KILLED,64,BLACK,MALE,NO,UNKNOWN,NOT DEPLOYED,NOT APPLICABLE,N,BLOOD,Positive,0.19,NONE,NOT APPLICABLE,NOT APPLICABLE,00:40:00,0,0,0,0,0,0,1,DRIVER LICENSE,Texas,CLASS C,76112
15440172,1,1,DRIVER,FRONT LEFT,KILLED,31,HISPANIC,MALE,YES,UNKNOWN,UNKNOWN,NOT APPLICABLE,N,BLOOD,Negative,0.078,NONE,NOT APPLICABLE,NOT APPLICABLE,01:11:00,0,0,0,0,0,0,1,DRIVER LICENSE,Colorado,OTHER/OUT OF STATE,80913
15401589,2,1,DRIVER,FRONT LEFT,KILLED,75,OTHER,MALE,NO,SHOULDER & LAP BELT,NOT DEPLOYED,NOT APPLICABLE,N,BLOOD,Negative,0,BLOOD,Negative,NOT APPLICABLE,19:40:00,0,0,0,0,0,0,1,DRIVER LICENSE,Texas,CLASS C,77093
15506999,1,1,DRIVER,FRONT LEFT,KILLED,57,BLACK,MALE,NO,SHOULDER & LAP BELT,NOT DEPLOYED,NOT APPLICABLE,N,NONE,NA,NA,NONE,NOT APPLICABLE,NOT APPLICABLE,06:45:00,0,0,0,0,0,0,1,COMMERCIAL DRIVER LIC.,Texas,CLASS A,75860
15493652,2,1,PEDESTRIAN,"PEDESTRIAN, PEDALCYCLIST, OR MOTORIZED CONVEYANCE",KILLED,60,WHITE,MALE,NOT APPLICABLE,NOT APPLICABLE,NOT APPLICABLE,NOT APPLICABLE,N,NONE,NA,NA,NONE,NOT APPLICABLE,NOT APPLICABLE,02:40:00,0,0,0,0,0,0,1,NA,NA,NA,
15363105,3,1,PEDESTRIAN,"PEDESTRIAN, PEDALCYCLIST, OR MOTORIZED CONVEYANCE",KILLED,59,WHITE,MALE,NOT APPLICABLE,NOT APPLICABLE,NOT APPLICABLE,NOT APPLICABLE,N,BLOOD,Negative,0,BLOOD,Positive,MULTIPLE DRUGS (EXPLAIN IN NARRATIVE),19:28:00,0,0,0,0,0,0,1,ID CARD,Texas,UNLICENSED,75217
15392723,3,1,PEDESTRIAN,"PEDESTRIAN, PEDALCYCLIST, OR MOTORIZED CONVEYANCE",KILLED,60,HISPANIC,MALE,NOT APPLICABLE,NOT APPLICABLE,NOT APPLICABLE,NOT APPLICABLE,N,NONE,NA,NA,NONE,NOT APPLICABLE,NOT APPLICABLE,14:15:00,0,0,0,0,0,0,1,NA,NA,NA,75231
15441549,2,1,DRIVER,FRONT LEFT,KILLED,83,WHITE,MALE,NO,NONE,"DEPLOYED, FRONT",NOT APPLICABLE,N,BLOOD,Negative,0.054,BLOOD,Negative,NOT APPLICABLE,22:29:00,0,0,0,0,0,0,1,DRIVER LICENSE,Texas,CLASS C,78016
15511556,1,1,DRIVER,FRONT LEFT,KILLED,88,WHITE,MALE,NO,NONE,DEPLOYED MULTIPLE,NOT APPLICABLE,N,NONE,NA,NA,NONE,NOT APPLICABLE,NOT APPLICABLE,21:39:00,0,0,0,0,0,0,1,DRIVER LICENSE,Texas,CLASS C,79057
15339766,5,1,PEDESTRIAN,"PEDESTRIAN, PEDALCYCLIST, OR MOTORIZED CONVEYANCE",KILLED,37,HISPANIC,MALE,NOT APPLICABLE,NOT APPLICABLE,NOT APPLICABLE,NOT APPLICABLE,N,NONE,NA,NA,NONE,NOT APPLICABLE,NOT APPLICABLE,21:59:00,0,0,0,0,0,0,1,COMMERCIAL DRIVER LIC.,Texas,CLASS A,79407
15519393,2,1,PEDESTRIAN,"PEDESTRIAN, PEDALCYCLIST, OR MOTORIZED CONVEYANCE",KILLED,42,WHITE,MALE,NOT APPLICABLE,NOT APPLICABLE,NOT APPLICABLE,NOT APPLICABLE,N,NONE,NA,NA,NONE,NOT APPLICABLE,NOT APPLICABLE,08:39:00,0,0,0,0,0,0,1,DRIVER LICENSE,Texas,CLASS C,77351
15442871,2,1,DRIVER,FRONT LEFT,KILLED,61,BLACK,MALE,NO,SHOULDER & LAP BELT,NOT DEPLOYED,NOT APPLICABLE,N,NONE,NA,NA,NONE,NOT APPLICABLE,NOT APPLICABLE,15:15:00,0,0,0,0,0,0,1,DRIVER LICENSE,Texas,CLASS C AND M,77523
15347500,2,1,PEDALCYCLIST,"PEDESTRIAN, PEDALCYCLIST, OR MOTORIZED CONVEYANCE",KILLED,24,WHITE,MALE,NOT APPLICABLE,NOT APPLICABLE,NOT APPLICABLE,UNKNOWN IF WORN,N,BLOOD,Positive,0.11,BLOOD,Negative,NOT APPLICABLE,03:14:00,0,0,0,0,0,0,1,DRIVER LICENSE,Hawaii,OTHER/OUT OF STATE,96789
15581546,2,1,PEDESTRIAN,"PEDESTRIAN, PEDALCYCLIST, OR MOTORIZED CONVEYANCE",KILLED,2,WHITE,MALE,NOT APPLICABLE,NOT APPLICABLE,NOT APPLICABLE,NOT APPLICABLE,N,NONE,NA,NA,NONE,NOT APPLICABLE,NOT APPLICABLE,20:55:00,0,0,0,0,0,0,1,NA,NA,NA,
15379024,5,1,PEDESTRIAN,"PEDESTRIAN, PEDALCYCLIST, OR MOTORIZED CONVEYANCE",KILLED,27,WHITE,MALE,NOT APPLICABLE,NOT APPLICABLE,NOT APPLICABLE,NOT APPLICABLE,N,NONE,NA,NA,NONE,NOT APPLICABLE,NOT APPLICABLE,20:00:00,0,0,0,0,0,0,1,DRIVER LICENSE,Arkansas,OTHER/OUT OF STATE,71836
15449001,2,1,PEDESTRIAN,"PEDESTRIAN, PEDALCYCLIST, OR MOTORIZED CONVEYANCE",KILLED,59,WHITE,MALE,NOT APPLICABLE,NOT APPLICABLE,NOT APPLICABLE,NOT APPLICABLE,N,NONE,NA,NA,NONE,NOT APPLICABLE,NOT APPLICABLE,06:51:00,0,0,0,0,0,0,1,DRIVER LICENSE,Texas,CLASS C,75766
15480638,2,1,DRIVER,FRONT LEFT,KILLED,31,HISPANIC,MALE,NO,SHOULDER & LAP BELT,DEPLOYED MULTIPLE,NOT APPLICABLE,N,NONE,NA,NA,NONE,NOT APPLICABLE,NOT APPLICABLE,12:27:00,0,0,0,0,0,0,1,DRIVER LICENSE,Texas,CLASS A,78660
15457046,2,1,DRIVER OF MOTORCYCLE TYPE VEHICLE,FRONT LEFT,KILLED,54,WHITE,MALE,NOT APPLICABLE,NOT APPLICABLE,NOT APPLICABLE,NOT WORN,N,BLOOD,Negative,0,BLOOD,UNKNOWN,UNKNOWN,18:00:00,0,0,0,0,0,0,1,COMMERCIAL DRIVER LIC.,Texas,CLASS A AND M,778360000
15462179,2,1,PEDESTRIAN,"PEDESTRIAN, PEDALCYCLIST, OR MOTORIZED CONVEYANCE",KILLED,31,WHITE,MALE,NOT APPLICABLE,NOT APPLICABLE,NOT APPLICABLE,NOT APPLICABLE,N,NONE,NA,NA,NONE,NOT APPLICABLE,NOT APPLICABLE,22:26:00,0,0,0,0,0,0,1,NA,NA,NA,76305
15395118,2,1,PEDESTRIAN,"PEDESTRIAN, PEDALCYCLIST, OR MOTORIZED CONVEYANCE",KILLED,71,HISPANIC,MALE,NOT APPLICABLE,NOT APPLICABLE,NOT APPLICABLE,NOT APPLICABLE,N,BLOOD,Negative,0,BLOOD,Negative,NOT APPLICABLE,13:50:00,0,0,0,0,0,0,1,NA,NA,NA,77075
15502739,2,1,PEDESTRIAN,"PEDESTRIAN, PEDALCYCLIST, OR MOTORIZED CONVEYANCE",KILLED,53,WHITE,MALE,NOT APPLICABLE,NOT APPLICABLE,NOT APPLICABLE,NOT APPLICABLE,N,BLOOD,Negative,0,BLOOD,Negative,NOT APPLICABLE,20:04:00,0,0,0,0,0,0,1,DRIVER LICENSE,Texas,CLASS C,78745
15316409,1,1,DRIVER,FRONT LEFT,KILLED,31,HISPANIC,MALE,NO,NONE,"DEPLOYED, FRONT",NOT APPLICABLE,N,OTHER (EXPLAIN IN NARRATIVE),NA,NA,OTHER (EXPLAIN IN NARRATIVE),NOT APPLICABLE,NOT APPLICABLE,10:00:00,0,0,0,0,0,0,1,DRIVER LICENSE,Mexico,OTHER/OUT OF STATE,
